gpu,cpu,method,grid_size,timesteps,mean_time_sec,std_dev_sec
NVIDIA_GeForce_RTX_3070,AMD_Ryzen_9_5950X_16-Core_Processor,CuPy (GPU),50,100,3.949557,0.061366
NVIDIA_GeForce_RTX_3070,AMD_Ryzen_9_5950X_16-Core_Processor,CuPy (GPU),100,100,3.976500,0.048919
NVIDIA_GeForce_RTX_3070,AMD_Ryzen_9_5950X_16-Core_Processor,CuPy (GPU),250,100,3.878019,0.001916
NVIDIA_GeForce_RTX_3070,AMD_Ryzen_9_5950X_16-Core_Processor,CuPy (GPU),500,100,3.881949,0.010910
NVIDIA_GeForce_RTX_3070,AMD_Ryzen_9_5950X_16-Core_Processor,CuPy (GPU),1000,100,3.929638,0.021552
NVIDIA_GeForce_RTX_3070,AMD_Ryzen_9_5950X_16-Core_Processor,CuPy (GPU),2500,100,4.407816,0.030216
NVIDIA_GeForce_RTX_3070,AMD_Ryzen_9_5950X_16-Core_Processor,CuPy (GPU),5000,100,6.377364,0.045547
NVIDIA_GeForce_RTX_3070,AMD_Ryzen_9_5950X_16-Core_Processor,CuPy (GPU),10000,100,14.188796,0.045603
